position,restricted
0,"McKie, Sioux
29053 Bay Plaza
Dallas TX, 75367"
1,"Suffield, Kary
97564 Independence Terrace
El Paso TX, 88530"
2,"Charnick, Hulda
1745 Spaight Street
Boca Raton FL, 33432"
3,"Courtman, Raychel
8374 Fordem Hill
Detroit MI, 48242"
4,"Baistow, Anatole
3 Hoffman Crossing
Tucson AZ, 85737"
5,"Horsted, Ernst
9188 Emmet Center
Pittsburgh PA, 15255"
6,"Luisetti, Sheena
165 Sunfield Hill
Panama City FL, 32412"
7,"Eivers, Mikel
694 Crescent Oaks Avenue
Little Rock AR, 72209"
8,"Tregian, Minta
20 Debs Pass
Los Angeles CA, 90010"
9,"Denisard, Jane
5 Vernon Junction
San Francisco CA, 94159"
10,"Foale, Dale
86071 Bartillon Circle
Sacramento CA, 95852"
11,"Rust, Esme
64645 Bunting Parkway
Anaheim CA, 92805"
12,"Andreia, Blayne
5 Mcbride Road
Rochester NY, 14683"
13,"Brach, Vicky
6 Schmedeman Court
Lake Worth FL, 33467"
14,"Winsor, Kile
68846 Daystar Drive
Denver CO, 80235"
15,"Tyne, Roxana
22 Linden Crossing
Elmira NY, 14905"
16,"Yosevitz, Alberik
79 Eagan Avenue
Dallas TX, 75265"
17,"Necolds, Hurleigh
2245 Lien Lane
Oklahoma City OK, 73119"
18,"Clail, Marquita
6 Dawn Lane
Salem OR, 97312"
19,"Wheowall, Gerek
03222 Delaware Road
Dayton OH, 45454"
20,"Bartelli, Adriane
2 Maple Place
Cedar Rapids IA, 52405"
21,"Tures, Gifford
6965 Holmberg Way
Vero Beach FL, 32964"
22,"Andrin, Lilah
47551 Beilfuss Park
Anaheim CA, 92825"
23,"Jouhan, Florrie
88538 Crescent Oaks Lane
Dallas TX, 75277"
24,"Melarkey, Massimiliano
7 Anzinger Pass
Cambridge MA, 2142"
25,"Lockier, Devinne
0 Delaware Way
New York City NY, 10249"
26,"Causton, Minni
27 Vernon Hill
Springfield IL, 62723"
27,"Snow, Wallis
8678 Cottonwood Parkway
Denver CO, 80255"
28,"Sammars, Kathi
9034 Reindahl Junction
Dallas TX, 75287"
29,"Whitwood, Lorene
18 Holmberg Plaza
Topeka KS, 66642"
30,"Klimkowski, Daphne
5 Shasta Crossing
Cincinnati OH, 45254"
31,"Kember, Keven
97 Nova Street
Bradenton FL, 34210"
32,"Arzu, Johan
674 Riverside Center
Long Beach CA, 90840"
33,"Jertz, Tomas
8 Roth Road
Boca Raton FL, 33499"
34,"Very, Terese
2685 Kensington Center
Louisville KY, 40256"
35,"Braunthal, Phillida
92 Parkside Lane
Olympia WA, 98506"
36,"Bridson, Emmie
62 Orin Drive
Silver Spring MD, 20918"
37,"Robbie, Kele
64140 Dayton Avenue
Panama City FL, 32412"
38,"Dibner, Maryrose
8959 Shoshone Road
Lynchburg VA, 24503"
39,"Olennikov, Clarie
86971 Milwaukee Drive
Las Vegas NV, 89130"
40,"Demange, Dyane
611 Ronald Regan Way
Birmingham AL, 35231"
41,"Bourges, Olwen
00264 Mitchell Lane
San Antonio TX, 78291"
42,"Sollime, Jillane
5 Springview Way
Knoxville TN, 37931"
43,"Danilowicz, Leodora
3 Rigney Crossing
Memphis TN, 38104"
44,"Harlin, Torrey
4441 Clarendon Road
Macon GA, 31210"
45,"Wood, Tammara
1139 Lunder Trail
Miami FL, 33175"
46,"Geertje, Connie
60 Portage Hill
Denton TX, 76205"
47,"Cutteridge, Marylou
5361 Nevada Circle
Charleston WV, 25313"
48,"Dods, Noemi
4 Crest Line Lane
Migrate KY, 41905"
49,"Spurrior, Debbi
10 Emmet Drive
Salt Lake City UT, 84125"
50,"McGoon, Nicolai
3 Crescent Oaks Terrace
New York City NY, 10270"
51,"Innis, Terri-jo
8981 Kinsman Court
Clearwater FL, 34629"
52,"McKeady, Gabriellia
07 Maple Wood Street
Fort Wayne IN, 46862"
53,"Record, Locke
0 Longview Street
Louisville KY, 40280"
54,"Server, Alfonse
9818 Lunder Drive
Colorado Springs CO, 80910"
55,"Broadberrie, Cassi
20 Northridge Parkway
San Jose CA, 95138"
56,"Whitlaw, Hulda
49 Corben Street
Washington DC, 20546"
57,"Drewet, Pavel
7 Tomscot Drive
Huntington WV, 25705"
58,"Euler, Wait
8059 Hollow Ridge Hill
Las Vegas NV, 89155"
59,"Ritzman, Marillin
5 Bluestem Way
Syracuse NY, 13205"
60,"Van T'Hoog, Pancho
43431 Texas Court
Boise ID, 83732"
61,"Caveill, Erena
50262 Spaight Plaza
Pittsburgh PA, 15274"
62,"Egre, Foss
2 Roxbury Hill
Austin TX, 78783"
63,"Fiske, Sandi
324 Kropf Center
Winter Haven FL, 33884"
64,"Yansons, Deeann
2284 Ridge Oak Point
Washington DC, 20392"
65,"Druhan, Alanah
648 Macpherson Alley
Provo UT, 84605"
66,"Scatcher, Darnall
707 Lindbergh Lane
Des Moines IA, 50936"
67,"Mungin, Amy
27222 Fisk Hill
San Diego CA, 92170"
68,"Lynam, Eli
5391 Rusk Crossing
Elizabeth NJ, 7208"
69,"Melia, Goddard
08 Browning Circle
Greensboro NC, 27425"
70,"Emps, Hanna
73348 Nevada Alley
Irvine CA, 92619"
71,"Tuminelli, Francklin
2 Corben Plaza
Silver Spring MD, 20910"
72,"Longina, Elena
32549 Summerview Park
Chula Vista CA, 91913"
73,"Alanbrooke, Hilarius
371 Bluestem Center
Dayton OH, 45454"
74,"Sanches, Lydon
8 Springview Trail
Colorado Springs CO, 80940"
75,"Carlton, Ragnar
11020 East Circle
El Paso TX, 88579"
76,"Battill, Shalom
64 Hazelcrest Park
Washington DC, 20370"
77,"Dobkin, Marcy
9 Boyd Court
Lehigh Acres FL, 33972"
78,"Dunkley, Sammie
60671 Spohn Drive
Boca Raton FL, 33487"
79,"Gounod, Reinwald
984 Thackeray Plaza
Miami FL, 33190"
80,"Hitcham, Hynda
0649 Walton Alley
Oklahoma City OK, 73167"
81,"Cracker, Shellysheldon
8 Havey Hill
Columbus OH, 43226"
82,"MacLaig, Britt
55279 Hoffman Circle
Texarkana TX, 75507"
83,"Kohnen, Farley
85 Garrison Crossing
Dayton OH, 45490"
84,"Philott, Rainer
0799 Prairie Rose Park
Amarillo TX, 79171"
85,"Surgeoner, Ode
66 Northland Avenue
Philadelphia PA, 19131"
86,"Offa, Tallie
73229 Tony Circle
New York City NY, 10014"
87,"Firmager, Selle
069 Mcbride Way
Cincinnati OH, 45249"
88,"Keep, Tonya
6048 Del Sol Center
Chicago IL, 60686"
89,"Chessman, Leonora
596 Barby Street
San Antonio TX, 78285"
90,"Rodmell, Agathe
397 Bartelt Point
Flushing NY, 11388"
91,"Hepher, Corinna
0 Londonderry Junction
Peoria IL, 61635"
92,"Screeton, Lowell
107 Cordelia Park
Spartanburg SC, 29319"
93,"Strelitz, Yorker
1215 Truax Point
Green Bay WI, 54313"
94,"Godden, Brigit
29 Vahlen Lane
Washington DC, 20397"
95,"Fairrie, Hiram
7595 Thompson Center
Saint Paul MN, 55188"
96,"Brierly, Ameline
6663 Havey Center
Phoenix AZ, 85030"
97,"Vellacott, Garek
92 Petterle Center
Los Angeles CA, 90060"
98,"Ewenson, Celinda
5803 Tennyson Parkway
Houston TX, 77070"
99,"Gorwood, Fred
75781 Becker Terrace
Cheyenne WY, 82007"
100,"Bushen, Trixie
13 Oneill Trail
New York City NY, 10184"
101,"Staker, Jodee
5017 Glendale Terrace
Tucson AZ, 85705"
102,"Huzzay, Domini
74 Schiller Hill
Minneapolis MN, 55441"
103,"Ruseworth, Hagan
88841 Tennessee Center
New York City NY, 10009"
104,"Porritt, Wilbert
799 Utah Place
Modesto CA, 95354"
105,"Pyner, Jeanne
917 Rigney Junction
Saint Louis MO, 63104"
106,"De Freyne, Arlinda
5209 Service Place
Washington DC, 20260"
107,"Patesel, Cally
6 Crownhardt Road
Winston Salem NC, 27105"
108,"Balharry, Ursulina
51613 Mcbride Way
Detroit MI, 48275"
109,"Ennor, Dominic
9 Buena Vista Plaza
Salt Lake City UT, 84189"
110,"Bearman, Elizabeth
87355 Sutteridge Hill
Albany GA, 31704"
111,"McMichell, Lee
101 Cascade Street
Buffalo NY, 14225"
112,"Clendinning, Oran
796 Scott Circle
Madison WI, 53716"
113,"Peschka, Mady
2 Bunker Hill Point
Topeka KS, 66617"
114,"Petera, Jessamyn
4374 Jenifer Crossing
Tampa FL, 33605"
115,"Andrasch, Serge
04959 Morningstar Circle
Winston Salem NC, 27116"
116,"Charrette, Elihu
56217 Eliot Alley
Sacramento CA, 94230"
117,"Shore, Angelle
3331 Gerald Road
Akron OH, 44393"
118,"Drabble, Anastasia
29 Crownhardt Trail
Herndon VA, 22070"
119,"D'Ambrogi, Sigfried
2764 Morning Alley
Alexandria VA, 22313"
120,"Brenstuhl, Torrance
161 Jenna Avenue
Austin TX, 78759"
121,"Caddy, Pete
6241 Brentwood Trail
Boston MA, 2114"
122,"Pinnere, Gael
71900 Morrow Court
Atlanta GA, 30328"
123,"Baversor, Baily
766 Cordelia Junction
Las Vegas NV, 89105"
124,"Lyal, Romonda
0315 Maple Parkway
Washington DC, 20535"
125,"Croom, Dulcie
3574 Pankratz Hill
Inglewood CA, 90305"
126,"Espasa, Reggi
33336 Fuller Terrace
Dayton OH, 45414"
127,"Doust, Sidoney
43 Anthes Point
Milwaukee WI, 53205"
128,"Agdahl, Eileen
3980 Nancy Park
Richmond VA, 23228"
129,"Hansie, Hurleigh
195 Arkansas Pass
Fort Lauderdale FL, 33320"
130,"Elington, Ruddie
4 Loeprich Drive
Brooklyn NY, 11215"
131,"Bedbrough, Lesley
454 Spaight Circle
Stamford CT, 6922"
132,"Godfrey, Cherish
72710 Schlimgen Point
Boise ID, 83705"
133,"Crowest, Aube
46378 Dahle Parkway
Detroit MI, 48258"
134,"Casterton, Murry
4488 Brickson Park Park
Marietta GA, 30066"
135,"Espinha, Chad
4750 8th Park
Santa Ana CA, 92725"
136,"Gever, Hayyim
19 Barnett Pass
Omaha NE, 68105"
137,"Bartalucci, Ellary
61 Twin Pines Crossing
Dallas TX, 75231"
138,"Westrope, Brina
9776 Drewry Circle
Sacramento CA, 94245"
139,"Nicolls, Cozmo
24370 Declaration Crossing
Miami FL, 33185"
140,"Blowfield, Elysha
07713 Heffernan Alley
Jackson MS, 39282"
141,"Heninghem, Jennica
5202 Sheridan Road
Tallahassee FL, 32309"
142,"Gue, Maison
35 Lyons Plaza
Los Angeles CA, 90076"
143,"Walkden, Peta
2 Fordem Crossing
Richmond VA, 23203"
144,"Pereira, Emmy
5 Crest Line Circle
Montgomery AL, 36109"
145,"Pryn, Base
767 Aberg Avenue
Montgomery AL, 36125"
146,"Luparto, Drugi
83 Cherokee Hill
Louisville KY, 40215"
147,"Devin, Adrien
537 Calypso Plaza
Columbus GA, 31998"
148,"Backshaw, Travis
0 Gulseth Pass
Miami FL, 33164"
149,"Gonzalo, Cherry
975 Glendale Parkway
Johnstown PA, 15906"
150,"Casaccia, Mona
07 Stone Corner Pass
Madison WI, 53716"
151,"McGilleghole, Danica
930 Dwight Pass
Louisville KY, 40250"
152,"Amiable, Stirling
6 Monument Road
Rochester NY, 14604"
153,"Svanetti, Donny
65 Morning Terrace
Houston TX, 77065"
154,"Hutley, Ingra
3 Lawn Place
Huntington WV, 25705"
155,"Pietzke, Gran
1175 Fairfield Hill
Kansas City MO, 64136"
156,"Brandone, Ira
510 Quincy Plaza
Littleton CO, 80127"
157,"McKean, Annette
6 Prairie Rose Way
Memphis TN, 38119"
158,"Neagle, Beilul
841 Russell Terrace
Pittsburgh PA, 15266"
159,"Cotman, Christal
304 Golf View Road
San Francisco CA, 94121"
160,"Leathlay, Sonja
1101 Center Circle
Cleveland OH, 44130"
161,"Goldberg, Obie
0 Anderson Junction
San Diego CA, 92165"
162,"MacCracken, Margret
43557 Cody Terrace
New Orleans LA, 70129"
163,"Hawse, Tiebold
7098 Bunting Crossing
Newport News VA, 23612"
164,"Storrock, Maud
216 Hooker Parkway
Los Angeles CA, 90045"
165,"Pelerin, Athene
6733 Springs Park
Saint Petersburg FL, 33705"
166,"Schmuhl, Major
198 Spohn Lane
El Paso TX, 88563"
167,"Portriss, Ashia
089 Forest Junction
Charlotte NC, 28235"
168,"Gauford, Davy
17 Golf View Terrace
Baltimore MD, 21290"
169,"Luscombe, Donavon
29 Stoughton Plaza
New York City NY, 10115"
170,"Musselwhite, Kerstin
7399 Lunder Court
Philadelphia PA, 19093"
171,"Jehaes, Queenie
265 Melody Alley
Tulsa OK, 74149"
172,"Sutherland, Orelee
46535 Columbus Park
Washington DC, 20580"
173,"Gilogly, Tory
13123 Burning Wood Street
Colorado Springs CO, 80951"
174,"Bisp, Dalenna
89 Columbus Alley
Pasadena TX, 77505"
175,"McCambridge, Armstrong
005 Straubel Alley
New Orleans LA, 70116"
176,"Volk, Gay
7 Debra Plaza
Orange CA, 92668"
177,"Menichini, Elbertina
0 Fordem Circle
West Hartford CT, 6127"
178,"Sculley, Brody
1543 Kenwood Alley
Philadelphia PA, 19109"
179,"Nanelli, Hamlin
42879 Northridge Place
Brooklyn NY, 11205"
180,"Cornbell, Corissa
1766 Atwood Center
Springfield MA, 1152"
181,"Bletso, Carlota
6884 Dunning Drive
Long Beach CA, 90805"
182,"Sommers, Heddi
40 Huxley Drive
Memphis TN, 38119"
183,"Pengelly, Alec
91510 Namekagon Place
Evansville IN, 47719"
184,"Woolvin, Glori
3034 Heath Junction
Gadsden AL, 35905"
185,"Baggally, Caritta
35512 Pierstorff Plaza
Zephyrhills FL, 33543"
186,"Morley, Rene
0066 Vernon Terrace
Virginia Beach VA, 23464"
187,"Burnsyde, Jacquette
0 Pepper Wood Road
Lincoln NE, 68531"
188,"Elverstone, Thebault
98747 Westerfield Road
Irvine CA, 92619"
189,"MacKettrick, Ardelle
49 Buhler Terrace
Washington DC, 20088"
190,"Bulfield, Milty
91 Brickson Park Drive
Norwalk CT, 6859"
191,"Drewett, Cristionna
5 Arizona Drive
Fort Lauderdale FL, 33336"
192,"McTrustey, Hans
0 2nd Circle
South Bend IN, 46620"
193,"Adamoli, Hall
9300 Paget Place
Portland OR, 97286"
194,"Stracey, Elenore
72 Manufacturers Point
Birmingham AL, 35285"
195,"Halden, Danya
28 Anzinger Alley
Saint Louis MO, 63110"
196,"Vispo, Crosby
646 Beilfuss Road
Washington DC, 20546"
197,"Schoroder, Base
696 Heffernan Street
Stockton CA, 95205"
198,"Tutchener, Lara
8708 Prentice Hill
Grand Forks ND, 58207"
199,"Jannaway, Flor
97 Milwaukee Junction
Colorado Springs CO, 80945"
200,"Ollarenshaw, Thaddeus
01170 Mosinee Hill
Evansville IN, 47712"
201,"Rove, Vivianna
83358 Redwing Alley
Oklahoma City OK, 73190"
202,"Noble, Kayla
98 Village Green Way
Los Angeles CA, 90081"
203,"Ralphs, Ezri
96 Kinsman Alley
Saint Joseph MO, 64504"
204,"Vogl, Bianka
29 Duke Parkway
Saint Louis MO, 63104"
205,"Parmby, Germaine
0 Daystar Crossing
El Paso TX, 79968"
206,"Mcall, Henri
74 Everett Point
Cleveland OH, 44130"
207,"Miklem, Robinetta
88226 Gateway Junction
Wilmington NC, 28410"
208,"Goodboddy, Whitney
64364 Dakota Trail
Newark NJ, 7112"
209,"Hearst, Isabella
87 Manufacturers Hill
Anchorage AK, 99599"
210,"Narramor, Pepito
10 Norway Maple Trail
Richmond VA, 23289"
211,"Lipman, Lorette
197 Duke Crossing
Palatine IL, 60078"
212,"Quinsee, Felic
3 Wayridge Lane
Greenville SC, 29610"
213,"Cattellion, Oswell
09 Talisman Crossing
Miami FL, 33233"
214,"Docker, Garvy
7047 Sheridan Drive
Miami FL, 33283"
215,"McIan, Aloin
94738 Birchwood Hill
Springfield IL, 62723"
216,"Ghidelli, Rosemary
7795 Texas Trail
Frederick MD, 21705"
217,"Leinster, Gregorius
3612 Upham Point
Newark NJ, 7188"
218,"Kayzer, Pippa
8 Mitchell Center
Pasadena CA, 91117"
219,"Rolance, Edee
3274 Forest Run Drive
Tampa FL, 33610"
220,"Ayton, Adey
0 Jenna Parkway
Naples FL, 34102"
221,"Grimsley, Rainer
25 Pine View Street
Marietta GA, 30061"
222,"Biermatowicz, Isidora
91 Warrior Hill
Fort Smith AR, 72916"
223,"Cracie, Paul
2516 Gina Street
Salt Lake City UT, 84110"
224,"Shrimpling, Dewain
75 Sutherland Circle
Wilmington DE, 19886"
225,"Mordue, Abigael
99153 Sauthoff Terrace
San Jose CA, 95194"
226,"Pantling, Whitaker
48 Darwin Center
Ventura CA, 93005"
227,"Pretti, Genia
138 Petterle Parkway
Fort Worth TX, 76129"
228,"Sundin, Kaine
217 Main Road
San Antonio TX, 78210"
229,"Stuart, Denyse
90173 Superior Drive
Huntsville AL, 35810"
230,"O'Henery, Sande
97044 Magdeline Parkway
Norman OK, 73071"
231,"Judkins, Mil
35 Old Shore Parkway
Sacramento CA, 94245"
232,"Hobble, Clayborn
0 Forest Run Park
New Orleans LA, 70165"
233,"Mannix, Wheeler
967 Ryan Crossing
Knoxville TN, 37919"
234,"Richarz, Erna
42 Aberg Place
Scottsdale AZ, 85271"
235,"Potzold, Emilio
0422 Twin Pines Crossing
Minneapolis MN, 55446"
236,"Upham, Daniel
160 Harbort Place
Philadelphia PA, 19136"
237,"Rowlands, Antoinette
727 Lyons Court
Newton MA, 2458"
238,"Whiteson, Corrinne
17094 Hansons Pass
Colorado Springs CO, 80945"
239,"Luttgert, Zaccaria
9 Shasta Lane
Miami FL, 33142"
240,"Dally, Lombard
70 Lindbergh Trail
Vienna VA, 22184"
241,"Antognozzii, Prue
77 Magdeline Plaza
San Angelo TX, 76905"
242,"Casse, Jami
79926 Hintze Pass
Rochester NY, 14652"
243,"Ulyatt, Shea
5832 Roxbury Junction
Dallas TX, 75260"
244,"Mullinger, Mace
73063 School Circle
Daytona Beach FL, 32128"
245,"Skacel, Joseph
2 Myrtle Avenue
Reno NV, 89510"
246,"Heathorn, Ernestus
72 Golden Leaf Terrace
Chattanooga TN, 37405"
247,"Linner, Brad
917 Corben Park
Miami FL, 33124"
248,"Kleuer, Kippy
8 Armistice Trail
Worcester MA, 1654"
249,"Willmer, Daveen
88 Jay Plaza
Pinellas Park FL, 34665"
250,"Dowber, Ab
72815 Mosinee Alley
Nashville TN, 37245"
251,"Windas, Onfre
1531 Hoard Place
Saint Petersburg FL, 33742"
252,"McGrath, Mario
8146 La Follette Road
Boston MA, 2114"
253,"Weatherburn, Darb
77312 Esch Road
Canton OH, 44710"
254,"Dowzell, Jennifer
8369 Longview Parkway
Amarillo TX, 79182"
255,"Ordish, Chandler
1 Corben Parkway
Baltimore MD, 21282"
256,"Burchnall, Kenon
369 Dryden Point
Pasadena CA, 91199"
257,"Wainer, Sherlocke
003 Scoville Alley
Clearwater FL, 33763"
258,"Whates, Sly
11 Moose Road
Flint MI, 48505"
259,"Beazleigh, Donnie
3058 Harbort Crossing
Berkeley CA, 94705"
260,"Ventam, Shep
3262 Duke Avenue
Chicago IL, 60674"
261,"Boreland, Yevette
1162 Lillian Pass
Dayton OH, 45419"
262,"Marzella, Jaquelin
893 Starling Court
Columbia SC, 29240"
263,"Goghin, Dallas
53451 Crest Line Lane
Lincoln NE, 68510"
264,"Briat, Gabie
621 Homewood Park
Columbus OH, 43204"
265,"Redparth, Garner
3 Sunfield Court
Pittsburgh PA, 15235"
266,"Lukas, Lane
608 Nobel Drive
Topeka KS, 66622"
267,"Fancutt, Diane
902 Anderson Crossing
Los Angeles CA, 90055"
268,"Smeaton, Orelle
8964 Sullivan Point
Indianapolis IN, 46247"
269,"Roland, Kassie
29386 Lien Plaza
Dayton OH, 45414"
270,"Carty, Bertha
468 Shopko Pass
Roanoke VA, 24009"
271,"Stevenson, Alexio
22 Dottie Place
Bakersfield CA, 93399"
272,"Sames, Benny
8 Blackbird Court
Phoenix AZ, 85035"
273,"Gaylard, Katharine
465 Westend Way
Spartanburg SC, 29319"
274,"Feavearyear, Juana
7 Caliangt Crossing
San Antonio TX, 78255"
275,"O'Cahill, Jeane
8194 Holmberg Hill
Spokane WA, 99260"
276,"Copo, Penni
13599 Maryland Plaza
San Diego CA, 92196"
277,"Brient, Bowie
71442 Armistice Lane
Chicago IL, 60614"
278,"Ferenczi, Waldemar
1 American Drive
Wilkes Barre PA, 18763"
279,"Langlands, Nadean
85 Clemons Plaza
Charleston WV, 25321"
280,"Jantel, Winifield
750 7th Court
Lafayette LA, 70505"
281,"Reyna, Franciska
28 Rigney Place
El Paso TX, 88525"
282,"Fretson, Lyda
34 Eastlawn Junction
Washington DC, 20036"
283,"Tewkesberry, Mace
0 Debs Place
Irvine CA, 92717"
284,"Kahane, Nat
347 Mcguire Plaza
Providence RI, 2912"
285,"Laurens, Abagael
970 Vermont Trail
Charlotte NC, 28205"
286,"Bogeys, Silvanus
8358 Reinke Point
Ocala FL, 34479"
287,"Wong, Magdaia
2271 Harper Alley
Washington DC, 20210"
288,"Ghidoli, Gaylor
60764 Vera Circle
Dallas TX, 75323"
289,"Shackesby, Shaun
38504 Katie Circle
Hagerstown MD, 21747"
290,"Leates, Hurleigh
034 Barnett Way
Pittsburgh PA, 15235"
291,"Draper, Boot
4 Hansons Place
Denver CO, 80279"
292,"Verheijden, Mavra
093 La Follette Lane
Birmingham AL, 35285"
293,"Comberbach, Fax
6 Weeping Birch Pass
Naples FL, 34102"
294,"Spata, Bernete
1766 Forest Circle
Lexington KY, 40576"
295,"Cawthorne, Derril
53 Tennessee Circle
Albany NY, 12242"
296,"Sparke, Courtney
99207 Mccormick Place
Detroit MI, 48295"
297,"Hesser, Zachary
85 Weeping Birch Pass
Elizabeth NJ, 7208"
298,"Van Saltsberg, Lidia
347 Iowa Street
Santa Ana CA, 92725"
299,"Straniero, Talbert
72 Prairie Rose Point
Peoria IL, 61614"
300,"Truin, Lorilee
31 Rusk Center
Orlando FL, 32885"
301,"Seger, Sherie
23 Merry Parkway
Daytona Beach FL, 32128"
302,"Dafter, Kerry
011 Merry Crossing
Waco TX, 76796"
303,"Dimitrie, Luciano
97376 Namekagon Trail
Mount Vernon NY, 10557"
304,"O'Beirne, Jillie
40 Portage Circle
Durham NC, 27717"
305,"Portam, Andrea
7140 Continental Avenue
Cincinnati OH, 45243"
306,"Dawes, Gideon
8 Main Place
Salem OR, 97312"
307,"Caws, Gardiner
1 Hoard Pass
Austin TX, 78759"
308,"Duinbleton, Birgit
98042 Forest Dale Center
Bronx NY, 10454"
309,"Anker, Truman
8979 Rieder Lane
Columbus OH, 43215"
310,"Kunneke, Caryl
68709 Columbus Court
Muskegon MI, 49444"
311,"Fetterplace, Dode
6687 Wayridge Lane
Albany NY, 12210"
312,"Truman, Floyd
766 Burning Wood Point
Cincinnati OH, 45238"
313,"Rodenhurst, Murielle
8 Onsgard Pass
Norman OK, 73071"
314,"Tolchard, Kizzee
384 Rowland Pass
Lexington KY, 40591"
315,"Woolveridge, Demeter
72 Sunbrook Street
Lansing MI, 48919"
316,"Beeze, Isaac
3 Northport Crossing
Washington DC, 20073"
317,"Hannabus, Caddric
54503 Eastlawn Way
Birmingham AL, 35225"
318,"Yedy, Adrien
1746 Merchant Parkway
Atlanta GA, 31136"
319,"Corss, Pietro
75071 Dakota Crossing
Bakersfield CA, 93305"
320,"Dottridge, Raynard
572 Kim Plaza
Arlington VA, 22234"
321,"Addicote, Mair
545 Menomonie Road
Honolulu HI, 96845"
322,"Loosely, Leigha
6835 Melby Trail
Paterson NJ, 7522"
323,"Jacobovitz, Zaneta
53862 Michigan Trail
Winston Salem NC, 27150"
324,"Summersett, Ardys
39411 Rieder Drive
Portland OR, 97232"
325,"Gouldthorpe, Kippy
2764 Tony Center
Sacramento CA, 94286"
326,"Heake, Killian
68472 Meadow Vale Way
Green Bay WI, 54313"
327,"Klimentyonok, Eda
63818 Lerdahl Road
West Palm Beach FL, 33421"
328,"Dooney, Donaugh
8 Larry Plaza
Fresno CA, 93740"
329,"Kendall, Arvie
43 Morning Circle
Newark DE, 19714"
330,"Drache, Simonne
38 Truax Point
New York City NY, 10160"
331,"Summerside, Morganica
14 Warrior Point
Chicago IL, 60636"
332,"Fossey, Drusy
54249 Saint Paul Crossing
Huntington WV, 25709"
333,"Cornelleau, Terrie
2582 Mifflin Hill
Albuquerque NM, 87190"
334,"Rigardeau, Irita
5515 Victoria Center
El Paso TX, 79994"
335,"Flag, Wilhelm
9177 Lindbergh Trail
Yakima WA, 98907"
336,"Clack, Dena
0476 Bay Center
Saint Paul MN, 55114"
337,"Meddick, Ibrahim
2 Mesta Point
North Port FL, 34290"
338,"Yosifov, Zelda
58961 Hooker Avenue
Chicago IL, 60697"
339,"Tiner, Yankee
11494 Brentwood Place
Dallas TX, 75310"
340,"Guiver, Balduin
9340 Green Trail
Detroit MI, 48206"
341,"Hatje, Cassie
5 Holmberg Parkway
Boston MA, 2203"
342,"Stacey, Dav
2898 Superior Alley
Kalamazoo MI, 49048"
343,"Harlow, Quincey
33 6th Parkway
New York City NY, 10175"
344,"Hatto, Orin
07 Maryland Pass
Baltimore MD, 21239"
345,"Doogue, Agosto
82998 Sugar Hill
Shawnee Mission KS, 66210"
346,"Sellstrom, Alfred
19 Talisman Road
Virginia Beach VA, 23464"
347,"Maycock, Irma
24397 Blackbird Way
Monticello MN, 55590"
348,"Glendining, Tracy
4 Pierstorff Pass
Santa Rosa CA, 95405"
349,"Polly, Joann
44 Larry Alley
San Francisco CA, 94142"
350,"Horsburgh, Hervey
43 Elgar Crossing
Seattle WA, 98166"
351,"Andreutti, Evelin
6 Harper Court
Miami FL, 33261"
352,"Perassi, Melanie
6 Eliot Terrace
Columbus OH, 43204"
353,"Lackinton, Raymund
2593 Tennessee Center
Portland OR, 97206"
354,"Sail, Michale
95787 Buell Hill
Schenectady NY, 12325"
355,"Tomlin, Levon
55528 Grasskamp Point
Montgomery AL, 36134"
356,"Davsley, Fidelia
104 Evergreen Way
Syracuse NY, 13217"
357,"Rylands, Felix
15 Forest Run Lane
Lubbock TX, 79405"
358,"Lacaze, Kayne
549 New Castle Junction
Garden Grove CA, 92844"
359,"Demicoli, Carmelita
583 Rieder Place
Pasadena CA, 91131"
360,"Grunson, Selestina
9510 Lien Place
Madison WI, 53710"
361,"Cappleman, Annette
3 Elka Point
Sioux City IA, 51105"
362,"Speachley, Katy
41 Spohn Crossing
Yonkers NY, 10705"
363,"Filintsev, Daria
07 Autumn Leaf Lane
Fort Pierce FL, 34981"
364,"Bernardoux, Francisco
636 Arapahoe Point
Washington DC, 20210"
365,"McIndrew, Sherie
0 Ilene Plaza
Juneau AK, 99812"
366,"Cooling, Borg
50 Vera Point
Detroit MI, 48275"
367,"Chiommienti, Elwin
3218 Bayside Drive
Canton OH, 44710"
368,"McNalley, Rourke
29 Boyd Road
Richmond VA, 23203"
369,"McArley, Janis
2 Mifflin Point
Denver CO, 80209"
370,"Boyda, Garrard
35238 Maywood Hill
Akron OH, 44315"
371,"Aylott, Fayina
1520 John Wall Road
Erie PA, 16505"
372,"Rudsdell, Karie
357 Cody Court
Arlington TX, 76004"
373,"Grewes, Leandra
78 Dakota Drive
Pasadena CA, 91186"
374,"Dyneley, Sonya
625 Everett Parkway
Spokane WA, 99252"
375,"Fewless, Maryellen
61 Pine View Road
Kansas City MO, 64160"
376,"Ovesen, Birch
6 Kipling Avenue
Lincoln NE, 68531"
377,"Mc Caughan, Karol
5 Rigney Road
Fargo ND, 58106"
378,"Hallowes, Durante
763 Eggendart Road
Charlotte NC, 28230"
379,"Matushenko, Kim
0 Claremont Street
Miami FL, 33185"
380,"Castles, Arch
8410 Scofield Park
Pensacola FL, 32595"
381,"Eskriet, Giffie
925 Farragut Junction
Seattle WA, 98166"
382,"Scahill, Kira
90 Grayhawk Drive
Austin TX, 78764"
383,"Muggleton, Guillermo
314 Rockefeller Place
Durham NC, 27710"
384,"Boys, Omero
12863 Calypso Junction
Seattle WA, 98166"
385,"Larmett, Ranice
111 American Ash Court
Springfield MA, 1152"
386,"Behr, Camilla
3103 Blackbird Point
Oakland CA, 94616"
387,"Orridge, Dulciana
868 Annamark Road
Roanoke VA, 24029"
388,"Lisciardelli, Noellyn
5480 Arizona Alley
Raleigh NC, 27626"
389,"Ubsdell, Vanny
891 Northview Alley
Fresno CA, 93704"
390,"Gee, Karney
7 1st Place
Lake Charles LA, 70607"
391,"Nand, Luis
57293 Farmco Terrace
Roanoke VA, 24004"
392,"Caldecot, Sidnee
08 Coleman Court
Houston TX, 77212"
393,"Burtonshaw, Veriee
17 Messerschmidt Hill
Los Angeles CA, 90055"
394,"Pierucci, Margret
9893 Pine View Point
New York City NY, 10105"
395,"Pickaver, Paco
00667 Harbort Court
Memphis TN, 38197"
396,"Mealham, Marillin
362 Bartillon Avenue
Albuquerque NM, 87115"
397,"Chanson, Rolland
1 Bellgrove Hill
Oklahoma City OK, 73109"
398,"Kelloch, Giusto
78090 Grayhawk Alley
Washington DC, 20005"
399,"Jiran, Bentley
168 Farragut Road
Topeka KS, 66667"
400,"Corpes, Rowland
83729 Redwing Drive
Springfield IL, 62718"
401,"Patkin, Halsy
199 Monterey Place
Knoxville TN, 37931"
402,"Biscomb, Horacio
9151 Veith Terrace
Sacramento CA, 94291"
403,"Millward, Ranique
887 Westport Terrace
Spokane WA, 99252"
404,"Naismith, Zena
26896 Kennedy Plaza
Boulder CO, 80305"
405,"Houlridge, Lara
7002 Hovde Drive
Rochester NY, 14614"
406,"Mordanti, Simone
3 Blaine Road
Sacramento CA, 95813"
407,"Brimming, Nicholas
5 Walton Pass
Hattiesburg MS, 39404"
408,"Levitt, Risa
7836 Mitchell Drive
Arlington VA, 22212"
409,"Sazio, Emili
7 Prentice Terrace
New Brunswick NJ, 8922"
410,"Keeping, Herold
90401 Cherokee Hill
Birmingham AL, 35231"
411,"Sterte, Olav
5 Fair Oaks Plaza
San Diego CA, 92137"
412,"Fruin, Fair
45354 Calypso Pass
Nashville TN, 37220"
413,"Callicott, Hulda
022 Huxley Crossing
Waco TX, 76796"
414,"Basil, Sibylla
90 Brentwood Park
Albuquerque NM, 87110"
415,"Matzkaitis, Deeyn
9838 Roxbury Hill
Kansas City MO, 64142"
416,"Stansell, Kym
9 Valley Edge Drive
Detroit MI, 48206"
417,"Fidge, Waldo
76 Homewood Terrace
Brockton MA, 2405"
418,"Palluschek, Padget
28475 Ilene Alley
Tempe AZ, 85284"
419,"Gwyn, Daphene
7 Shelley Parkway
Austin TX, 78744"
420,"Wychard, Lloyd
0787 Mayfield Parkway
Chattanooga TN, 37416"
421,"Coche, Antin
2783 Menomonie Place
Memphis TN, 38126"
422,"Noble, Kristien
029 Pleasure Alley
Charleston WV, 25389"
423,"Brisker, Astra
5782 Portage Alley
Omaha NE, 68105"
424,"McMoyer, Liliane
22049 Main Junction
Cincinnati OH, 45296"
425,"Ezzy, Elroy
80 Dorton Park
Alexandria VA, 22313"
426,"Kleinschmidt, Bennie
58544 Moulton Circle
New Orleans LA, 70124"
427,"McPhee, Jackie
41848 Nova Alley
Davenport IA, 52809"
428,"Drache, Malanie
03 Moulton Place
Indianapolis IN, 46247"
429,"Glazer, Melicent
3 Saint Paul Road
Corpus Christi TX, 78465"
430,"Simak, Anetta
8379 Sachs Trail
Texarkana TX, 75507"
431,"Pibworth, Neall
615 Pawling Point
Columbus GA, 31998"
432,"Bute, Linn
03364 Florence Circle
Scranton PA, 18514"
433,"Speere, Garrek
425 Lakewood Gardens Crossing
Madison WI, 53710"
434,"Goodrick, Guenna
294 Brentwood Plaza
Pocatello ID, 83206"
435,"Bassick, Aristotle
88250 Cardinal Trail
Trenton NJ, 8619"
436,"Uccelli, Dix
82 Oriole Junction
Greensboro NC, 27455"
437,"Risbridge, Corbett
33998 Clyde Gallagher Place
Trenton NJ, 8695"
438,"Greenhowe, Almeria
145 Roxbury Point
San Jose CA, 95150"
439,"Shallcross, Suzie
409 Moose Pass
Detroit MI, 48232"
440,"Richardot, Rosella
46735 Welch Pass
Daytona Beach FL, 32123"
441,"Keddey, Abigael
71095 Maryland Junction
Palmdale CA, 93591"
442,"Scoggin, Lemmie
70723 Nancy Center
Lexington KY, 40596"
443,"Pauler, Max
127 Kingsford Parkway
Baltimore MD, 21281"
444,"Eddins, Ring
79118 Birchwood Point
Miami Beach FL, 33141"
445,"Bubeer, Charyl
2338 Delladonna Hill
Burbank CA, 91505"
446,"Noquet, Bunnie
517 Armistice Place
Midland MI, 48670"
447,"Lepoidevin, Noelyn
677 Ridgeview Terrace
El Paso TX, 88558"
448,"Gleeson, Rana
8060 Onsgard Place
Minneapolis MN, 55436"
449,"Pietron, Stormi
495 Miller Place
Arlington VA, 22225"
450,"Janny, Lutero
7 Morningstar Junction
Richmond VA, 23208"
451,"Grouen, Ileane
5828 Blaine Circle
Augusta GA, 30919"
452,"Garr, Alfreda
15538 Springs Trail
Richmond VA, 23277"
453,"Giacobini, Pansie
991 Schurz Terrace
Stockton CA, 95298"
454,"Fould, Maximilianus
0 Dapin Road
Huntsville AL, 35810"
455,"Dimic, Mela
7226 Little Fleur Trail
Atlanta GA, 30311"
456,"Fancourt, Tobey
76 New Castle Center
Fort Myers FL, 33913"
457,"Sans, Patten
99 Bayside Road
Montpelier VT, 5609"
458,"Pionter, Ly
9427 Dayton Hill
Las Vegas NV, 89178"
459,"Misk, Erie
93 Lunder Pass
Tampa FL, 33625"
460,"Feeley, Beverley
06191 School Avenue
Spring Hill FL, 34611"
461,"Le Friec, Valerye
3383 Hoffman Lane
Irvine CA, 92612"
462,"Mustoe, Rice
04092 Karstens Center
Amarillo TX, 79105"
463,"Narey, Morganica
25626 Cascade Place
Charleston WV, 25336"
464,"Presshaugh, Fina
9131 Emmet Avenue
Cincinnati OH, 45228"
465,"Vannini, Nestor
404 Northridge Park
Washington DC, 20057"
466,"Gandar, Haily
2 Shelley Place
Marietta GA, 30061"
467,"Margetson, Shelden
90 Pawling Parkway
Panama City FL, 32405"
468,"Bordis, Danni
03248 Milwaukee Park
Detroit MI, 48267"
469,"Slessor, Yoshiko
25824 Barby Lane
Long Beach CA, 90847"
470,"Fessions, Desmond
5648 Schmedeman Junction
Los Angeles CA, 90020"
471,"Dignall, Cary
4737 Hooker Pass
Baltimore MD, 21211"
472,"Reyna, Kali
8213 Homewood Junction
Jackson MS, 39204"
473,"Shropsheir, Kettie
8 Bobwhite Center
Richmond VA, 23225"
474,"Vinter, Nina
7439 Express Hill
Hartford CT, 6145"
475,"Alan, Christin
248 Prairieview Point
Omaha NE, 68124"
476,"Lovel, Egon
087 Reindahl Alley
Augusta GA, 30919"
477,"Tedman, Jae
1 Buena Vista Road
Dallas TX, 75221"
478,"Vedeshkin, Marcile
23 Stoughton Drive
Syracuse NY, 13224"
479,"Faherty, Rand
4 School Crossing
Phoenix AZ, 85077"
480,"Sambath, Roch
91 Dixon Hill
Philadelphia PA, 19141"
481,"Wabersinke, Loralee
4 Shoshone Pass
Tyler TX, 75705"
482,"Leere, Windham
079 Artisan Avenue
Lehigh Acres FL, 33972"
483,"Danielsky, Arney
66580 Orin Place
Buffalo NY, 14276"
484,"Sussex, Zak
2 Texas Point
Punta Gorda FL, 33982"
485,"Oertzen, Anna-diana
9 Del Sol Avenue
Irvine CA, 92619"
486,"Warr, Deloria
9 Muir Avenue
Pasadena TX, 77505"
487,"Vedyaev, Donavon
91963 Charing Cross Trail
Fresno CA, 93740"
488,"Dowbekin, Venita
85 Grover Plaza
Little Rock AR, 72204"
489,"Goodlife, Johnny
10 Acker Point
Greensboro NC, 27415"
490,"Mowday, Dorothy
6 Ridge Oak Park
Toledo OH, 43605"
491,"Blasl, Katharyn
644 Montana Lane
Chicago IL, 60641"
492,"Jarvis, Brigg
86389 Maple Wood Circle
Las Vegas NV, 89145"
493,"Riddett, Estevan
2341 Schurz Court
Saint Louis MO, 63143"
494,"Kitt, Danell
0768 Londonderry Point
Las Vegas NV, 89145"
495,"Sterke, Dick
66132 Bartelt Parkway
San Diego CA, 92176"
496,"Antonijevic, Lief
2 Annamark Point
Sioux Falls SD, 57193"
497,"Coen, Mufi
6163 Northland Park
Monticello MN, 55590"
498,"Poag, Jourdain
96 Alpine Alley
Irvine CA, 92717"
499,"Hunting, Alysa
4 Eagan Circle
Sacramento CA, 94286"
500,"Sadry, Dav
58460 Norway Maple Trail
Sacramento CA, 95865"
501,"Westfield, Lonnard
52 Old Gate Court
Cleveland OH, 44177"
502,"Macenzy, Ruth
216 Columbus Avenue
Oklahoma City OK, 73197"
503,"Jedrzej, Dante
53 Hansons Place
Beaumont TX, 77713"
504,"Desborough, Jackie
179 East Terrace
Tempe AZ, 85284"
505,"Sheahan, Jareb
6 Badeau Alley
Akron OH, 44315"
506,"Nasi, Freida
97866 Lindbergh Point
Milwaukee WI, 53285"
507,"Tritton, Roseanna
363 Daystar Drive
Cincinnati OH, 45238"
508,"Ciobotaru, Evelyn
388 Scofield Point
Odessa TX, 79769"
509,"Oven, Barthel
2569 Rutledge Pass
Denver CO, 80299"
510,"Spensly, Shelley
77484 Lakeland Avenue
Cumming GA, 30130"
511,"Monget, Ayn
49783 Kensington Place
Berkeley CA, 94705"
512,"Fritzer, Kellia
61814 Superior Way
San Francisco CA, 94169"
513,"Challice, Godart
43944 Oakridge Park
Fort Pierce FL, 34949"
514,"Bielby, Charita
13 Crescent Oaks Way
Oakland CA, 94660"
515,"Antrum, Stephi
181 Pepper Wood Pass
Jacksonville FL, 32277"
516,"Merricks, Doyle
1160 Bashford Way
Philadelphia PA, 19178"
517,"Allingham, Delmor
0677 Melrose Crossing
El Paso TX, 88546"
518,"Haggie, Ardyce
1 Holy Cross Way
Nashville TN, 37250"
519,"Chieco, Annalee
4660 Boyd Pass
Sacramento CA, 95833"
520,"Etock, Rosana
17 Burning Wood Circle
Jacksonville FL, 32255"
521,"Bodley, Carmine
2396 Bluestem Pass
Daytona Beach FL, 32128"
522,"Roney, Fredia
649 Melrose Way
Charleston WV, 25336"
523,"Twiname, Karine
0829 Warner Lane
Washington DC, 20337"
524,"Coope, Orel
36859 Pleasure Center
El Paso TX, 79911"
525,"Croose, Marlane
7 Pleasure Park
Bronx NY, 10454"
526,"Perillio, Bengt
7 Forest Avenue
Chicago IL, 60630"
527,"Stanning, Moshe
5194 Oak Trail
Oklahoma City OK, 73197"
528,"Applewhaite, Freda
3 Coolidge Drive
Jackson MS, 39210"
529,"Joplin, Swen
149 Roth Alley
Charlotte NC, 28220"
530,"Berresford, Feliza
1240 Claremont Plaza
Erie PA, 16510"
531,"Stedson, Samuel
562 Ludington Hill
Escondido CA, 92030"
532,"Lumox, Jacenta
26234 Stuart Drive
Washington DC, 20380"
533,"Rosenfrucht, Pail
00892 Blue Bill Park Court
Laredo TX, 78044"
534,"Finn, Tedie
64327 Hudson Way
Colorado Springs CO, 80940"
535,"Wincom, Karlan
641 Springview Way
Alhambra CA, 91841"
536,"Stot, Anastasie
8050 Rockefeller Road
Nashville TN, 37215"
537,"Dennington, Rosene
64 Holmberg Circle
Gatesville TX, 76598"
538,"Rannald, Annie
10920 Commercial Parkway
Fort Lauderdale FL, 33325"
539,"Loton, Catherine
7698 Banding Way
Fayetteville NC, 28305"
540,"Pomroy, Sonnie
6700 Schmedeman Alley
Monticello MN, 55590"
541,"Meikle, Belvia
10 Redwing Junction
Clearwater FL, 34615"
542,"Ragat, Ingar
818 Spaight Plaza
Birmingham AL, 35236"
543,"Wildbore, Royce
6741 Shasta Court
Austin TX, 78726"
544,"Threader, Corby
7334 Ramsey Park
Nashville TN, 37215"
545,"Chappelle, Othello
71054 Rowland Park
Tulsa OK, 74133"
546,"Southcoat, Yevette
3 Maryland Drive
Los Angeles CA, 90050"
547,"Rannigan, Galvin
8732 Declaration Road
Washington DC, 20215"
548,"Ferfulle, Beatriz
03243 Pankratz Avenue
Charleston WV, 25313"
549,"Boissier, Odessa
4 Sachtjen Way
Rochester NY, 14683"
550,"Pinel, Jordana
8 Springs Parkway
El Paso TX, 79984"
551,"Furlong, Bobette
89920 Stang Road
New York City NY, 10280"
552,"Del Checolo, Ahmed
21 Toban Drive
Orlando FL, 32803"
553,"Quail, Shanon
0 Hooker Court
Schenectady NY, 12305"
554,"Tuckey, Anabella
46 Crest Line Trail
Sacramento CA, 95865"
555,"Mursell, Aileen
42044 Sachs Junction
San Antonio TX, 78220"
556,"Stace, Sonnie
4939 Northland Place
Wichita KS, 67205"
557,"Hann, Joellen
7 Mosinee Pass
Reading PA, 19610"
558,"Schooley, Loren
3168 Morrow Park
San Diego CA, 92160"
559,"Storrie, Olga
8 Canary Terrace
Detroit MI, 48211"
560,"Christescu, Katya
49068 Eastlawn Plaza
Philadelphia PA, 19172"
561,"Martlew, Gigi
9274 Corry Alley
Canton OH, 44720"
562,"Simo, Isabelle
78 Ilene Street
Washington DC, 20370"
563,"Dearnley, Kiersten
94 Alpine Street
Wichita KS, 67236"
564,"Rounds, Clemmie
8658 Toban Parkway
Pinellas Park FL, 34665"
565,"Byrom, Alexandro
98237 Wayridge Point
Honolulu HI, 96805"
566,"Atterley, Zachery
3 Fuller Terrace
Los Angeles CA, 90010"
567,"Pennini, Billie
8624 Thierer Alley
Rochester NY, 14652"
568,"Cabrara, Nefen
69255 Grover Place
Washington DC, 20580"
569,"Kantor, Lucias
73280 Holy Cross Park
Van Nuys CA, 91499"
570,"Layfield, Zacharie
03 Miller Park
Mc Keesport PA, 15134"
571,"Brittin, Brandise
2143 Petterle Crossing
San Jose CA, 95113"
572,"Kondratowicz, Rhonda
4 Melrose Drive
Washington DC, 20057"
573,"Rymour, Marybeth
3 Canary Trail
Spokane WA, 99252"
574,"Cappel, Vivie
61050 Darwin Point
Athens GA, 30610"
575,"Lilleman, Bethany
4575 North Court
Rochester NY, 14619"
576,"Kirimaa, Heindrick
7 Kenwood Lane
Fort Worth TX, 76121"
577,"McCrackan, Ethelin
6712 Golden Leaf Way
Dallas TX, 75221"
578,"Patershall, Brig
0465 Drewry Way
Colorado Springs CO, 80995"
579,"Robben, Robbert
8 Autumn Leaf Terrace
Sacramento CA, 94280"
580,"Urch, Orazio
1236 Ramsey Trail
Newton MA, 2162"
581,"Malloy, Dex
3468 Miller Court
Baton Rouge LA, 70894"
582,"Pimblotte, Alyda
7860 Springview Junction
Trenton NJ, 8695"
583,"Phillp, Harrison
99 Calypso Place
Roanoke VA, 24024"
584,"Innis, Gordy
5 Warrior Pass
New York City NY, 10105"
585,"Woodard, Floria
226 Towne Parkway
Sacramento CA, 95865"
586,"Joel, Lavinia
3855 Fulton Place
Duluth GA, 30096"
587,"Epine, Mohandas
24 Fremont Alley
Troy MI, 48098"
588,"Trenaman, Ricard
0 Forest Pass
Seattle WA, 98109"
589,"Godsil, Janetta
2134 Caliangt Lane
Saint Louis MO, 63150"
590,"Garwood, Chadd
8754 Corry Road
Beaverton OR, 97075"
591,"Freeborn, Charlena
653 Burrows Pass
Washington DC, 20005"
592,"Spawton, Jasper
4 Blackbird Point
Sacramento CA, 94257"
593,"Orwin, Marketa
89129 Miller Plaza
Yonkers NY, 10705"
594,"Fassbindler, Aline
3 Huxley Way
Atlanta GA, 30392"
595,"Gowthrop, Marabel
37294 Di Loreto Circle
Flint MI, 48550"
596,"MacCahey, Franklin
6 Jenifer Pass
Cleveland OH, 44197"
597,"Cheeke, Quintilla
705 Starling Hill
Arlington TX, 76011"
598,"Lente, Barnabas
792 Harbort Center
Peoria IL, 61635"
599,"Gueinn, Wes
84155 Cottonwood Lane
El Paso TX, 79923"
600,"Painter, Germayne
8967 Oriole Pass
Johnstown PA, 15906"
601,"De La Salle, Tildy
526 Kennedy Park
Galveston TX, 77554"
602,"O'Reilly, Hestia
625 Fallview Hill
Topeka KS, 66699"
603,"Saunier, Ezekiel
5717 Vera Hill
Amarillo TX, 79188"
604,"Palfery, Hugo
3885 South Court
Las Cruces NM, 88006"
605,"Aliman, Morie
990 Bellgrove Junction
Atlanta GA, 30328"
606,"Bauldry, Rosaleen
88 Maywood Junction
Roanoke VA, 24048"
607,"Walaron, Anabella
35171 Rieder Street
Wichita KS, 67205"
608,"O'Neary, Melissa
87552 Mallory Lane
Littleton CO, 80126"
609,"Szymanowicz, Camile
9 Independence Trail
Hot Springs National Park AR, 71914"
610,"Urquhart, Sunshine
58 Ridgeview Parkway
Topeka KS, 66606"
611,"Perfitt, Ruthanne
2 Debs Alley
Santa Ana CA, 92725"
612,"Algore, Emmet
9 Golden Leaf Circle
Newton MA, 2162"
613,"Eisold, Ulla
10 Del Mar Trail
Baltimore MD, 21275"
614,"Mougenel, Dyanne
77 Carey Terrace
Cheyenne WY, 82007"
615,"Emig, Albertine
02304 Ridgeview Road
Waterbury CT, 6705"
616,"Kas, Anselma
65 Daystar Drive
Temple TX, 76505"
617,"Labes, Kincaid
151 Clove Plaza
Orange CA, 92862"
618,"De Matteis, Niko
41 Corscot Street
New Orleans LA, 70160"
619,"Chazelle, Woodie
5343 Westport Lane
Topeka KS, 66629"
620,"Meech, Delphine
10 Grover Point
Portland OR, 97232"
621,"Robinette, Daune
2791 Acker Park
Yakima WA, 98907"
622,"Handrahan, Selena
095 7th Alley
Greensboro NC, 27409"
623,"Bernardo, Fayre
6 Cardinal Avenue
Marietta GA, 30066"
624,"Chiene, Hodge
407 Ohio Way
Hicksville NY, 11854"
625,"Harrad, Claudius
77301 Bultman Place
Philadelphia PA, 19109"
626,"O'Suaird, Bran
6589 Corscot Road
Billings MT, 59112"
627,"Wardingly, Isabella
6 Oakridge Hill
Port Saint Lucie FL, 34985"
628,"Minshall, Gregg
84197 Hansons Terrace
College Station TX, 77844"
629,"Teasdale, Zorine
7 Nobel Plaza
San Francisco CA, 94147"
630,"Fancutt, Panchito
87 Leroy Court
Saint Louis MO, 63167"
631,"Arnaldo, Lilllie
4716 Bluejay Court
Toledo OH, 43699"
632,"Gotthard.sf, Corinna
5 Mesta Place
Buffalo NY, 14210"
633,"Rewbottom, Fremont
81055 Lindbergh Alley
Vero Beach FL, 32964"
634,"Cumming, Cynthea
8 Pennsylvania Street
New York City NY, 10260"
635,"Dunsmuir, Ulick
788 Westerfield Parkway
San Antonio TX, 78291"
636,"Eneas, Tracy
901 Anniversary Road
Garden Grove CA, 92844"
637,"Hubatsch, Arvin
1 Susan Crossing
Minneapolis MN, 55448"
638,"Randles, Annadiana
51278 Truax Center
Lees Summit MO, 64082"
639,"Cadlock, Lammond
9 Holy Cross Point
San Francisco CA, 94116"
640,"Larter, Nichole
60 School Alley
Mobile AL, 36605"
641,"Adamovich, Mart
06546 Ludington Way
Columbus OH, 43215"
642,"Hannond, Gerek
7614 Doe Crossing Junction
Jefferson City MO, 65105"
643,"Challin, Doroteya
5620 Old Shore Circle
Pocatello ID, 83206"
644,"Creamer, Abbe
4 Manley Drive
Idaho Falls ID, 83405"
645,"Landsberg, Margot
49 Russell Way
Saginaw MI, 48604"
646,"Goolding, Trudey
37634 Golf Course Pass
Pasadena CA, 91117"
647,"Hurle, Bette
81 Grim Circle
Saint Louis MO, 63121"
648,"Pilkington, Ronna
31289 Dennis Center
Phoenix AZ, 85083"
649,"McCarlie, Giraldo
6 Mifflin Point
El Paso TX, 79977"
650,"Christiensen, Sigismundo
28814 Dixon Road
Albany NY, 12232"
651,"Espine, Sybille
5 Mallory Hill
Houston TX, 77045"
652,"Tregien, Kay
3136 Prentice Terrace
Allentown PA, 18105"
653,"Tomlinson, Ashley
37 Fair Oaks Court
Wilmington DE, 19805"
654,"MacConnell, Shalna
25 Waxwing Pass
Decatur GA, 30089"
655,"Jordanson, Park
03 Autumn Leaf Junction
Oakland CA, 94605"
656,"Onion, Tonye
9 Kensington Park
Charleston WV, 25362"
657,"Heater, Ferdie
47 Stuart Center
Huntsville AL, 35805"
658,"Davison, Trumaine
28668 Red Cloud Circle
Saint Paul MN, 55146"
659,"Willshee, Ardath
1655 Redwing Park
Pasadena CA, 91117"
660,"Lovat, Lorena
82 Alpine Trail
Los Angeles CA, 90030"
661,"Jedrzej, Celeste
59 Steensland Crossing
Raleigh NC, 27610"
662,"Klempke, Marje
981 Kensington Center
Miami FL, 33175"
663,"Josofovitz, Levin
6681 Sloan Circle
Brooklyn NY, 11210"
664,"Cullivan, Rufus
9189 Helena Junction
New York City NY, 10045"
665,"Screen, Cleopatra
17 Mandrake Hill
Miami FL, 33245"
666,"Stennard, Lodovico
06 Service Point
Washington DC, 20310"
667,"Blaxter, Bebe
1027 Fuller Parkway
Montgomery AL, 36104"
668,"Fisbey, Ric
9613 Kipling Center
Houston TX, 77218"
669,"Strangward, Arther
0224 Moland Lane
Portland OR, 97240"
670,"MacGinney, Gianni
6 Hudson Trail
Washington DC, 20099"
671,"Hugk, Lynnell
7279 Rockefeller Drive
Conroe TX, 77305"
672,"Cambden, Moria
0 Westerfield Pass
Washington DC, 20599"
673,"Connah, Rhianna
9212 David Street
Washington DC, 20057"
674,"Brickhill, Karilynn
80469 Melby Drive
Washington DC, 20575"
675,"Caseri, Thekla
2732 Corben Place
Charleston WV, 25336"
676,"Giraths, Jilli
26611 Tennessee Parkway
Bloomington IN, 47405"
677,"Dalling, Toma
513 Clemons Court
Tacoma WA, 98442"
678,"Wildbore, Christoper
48 Gale Crossing
Madison WI, 53790"
679,"Conquer, Hedi
72738 Fair Oaks Lane
Manassas VA, 22111"
680,"Coning, Gunner
7888 Canary Lane
Fort Lauderdale FL, 33325"
681,"Greenhouse, Marion
8357 Forest Dale Hill
Las Vegas NV, 89120"
682,"Jerram, Harcourt
594 Cambridge Terrace
Memphis TN, 38104"
683,"Arnefield, Griffie
8 Bluestem Way
Saint Petersburg FL, 33715"
684,"Rymour, Adiana
0 Village Green Crossing
Birmingham AL, 35285"
685,"Donan, Leesa
843 6th Park
Tyler TX, 75710"
686,"Bettenay, Jervis
6 Main Point
Brockton MA, 2405"
687,"Beran, Bibbye
0517 Prentice Way
Amarillo TX, 79116"
688,"Sherborne, Sydelle
88915 Gina Point
Springfield IL, 62776"
689,"Gyngyll, Antonella
707 Dryden Court
Pittsburgh PA, 15235"
690,"Gonnelly, Erny
9 Sherman Park
Lubbock TX, 79410"
691,"O'Sheils, Bren
5189 Lien Pass
New York City NY, 10039"
692,"Starkings, Derrik
753 Ridge Oak Circle
Oakland CA, 94627"
693,"Cicci, Noll
54935 Nova Hill
Saint Paul MN, 55123"
694,"Privett, Ileana
683 Emmet Center
Washington DC, 20546"
695,"Aubry, Kyrstin
017 American Avenue
Macon GA, 31296"
696,"Menelaws, Thorny
63 Sloan Pass
Humble TX, 77346"
697,"Braithwait, Wynne
3 Lawn Alley
Yonkers NY, 10705"
698,"Tolomio, Susie
3673 Loeprich Terrace
Raleigh NC, 27605"
699,"Chrestien, Ida
68686 High Crossing Drive
Wichita KS, 67210"
700,"Clifforth, Donalt
44 Vidon Court
Indianapolis IN, 46295"
701,"Rany, Tracee
3312 Pankratz Crossing
Colorado Springs CO, 80935"
702,"Blanden, Rosalia
79410 Hauk Trail
Augusta GA, 30905"
703,"Willetts, Tiphany
1 Lotheville Place
Conroe TX, 77305"
704,"Shyram, Elfreda
400 Vermont Parkway
Philadelphia PA, 19151"
705,"Lorand, Brandi
52947 Luster Junction
Minneapolis MN, 55470"
706,"Di Maggio, Patrizius
1243 Lyons Pass
Houston TX, 77025"
707,"Baldetti, Archer
63 Bobwhite Street
Erie PA, 16550"
708,"Heathcott, Gun
81 Meadow Valley Road
Nashville TN, 37215"
709,"Gobbet, Bennie
63878 Di Loreto Trail
Aurora CO, 80045"
710,"Treske, Natassia
993 Brown Circle
Houston TX, 77228"
711,"Cristobal, Aura
88361 Barnett Terrace
Huntsville AL, 35810"
712,"Gouny, Lura
486 Corben Street
Long Beach CA, 90805"
713,"Mathouse, Barton
8 Burning Wood Terrace
Mobile AL, 36670"
714,"Horney, Felipa
07181 Mockingbird Center
Salt Lake City UT, 84135"
715,"Jaray, Ertha
1144 Magdeline Point
Brockton MA, 2305"
716,"Beach, Georgette
433 Troy Alley
Santa Ana CA, 92705"
717,"Nobles, Elwood
408 Dahle Alley
Shreveport LA, 71115"
718,"Odams, Jaclin
1 Trailsway Park
Birmingham AL, 35220"
719,"Kohlert, Ellwood
162 Kennedy Place
Houston TX, 77005"
720,"Ayer, Ruthi
28 Cardinal Hill
Philadelphia PA, 19151"
721,"Terzi, Arne
1679 Talmadge Drive
San Luis Obispo CA, 93407"
722,"Chaplin, Veronica
9 Sunbrook Circle
Apache Junction AZ, 85219"
723,"Liebermann, Ebba
0 Northport Way
Oklahoma City OK, 73114"
724,"Courtes, Elisabeth
01 Farwell Drive
Jamaica NY, 11447"
725,"Riditch, Cirilo
1 Tennessee Junction
Dearborn MI, 48126"
726,"Moorman, Waiter
64 Roth Plaza
Greensboro NC, 27425"
727,"Mee, D'arcy
50 Dunning Center
Birmingham AL, 35231"
728,"Mabey, Tory
2204 Oak Valley Park
Inglewood CA, 90310"
729,"Duffin, Amy
3256 Magdeline Trail
Harrisburg PA, 17126"
730,"Eilhart, Wilmer
19636 Glacier Hill Trail
Des Moines IA, 50981"
731,"Colbridge, Adella
4 Harbort Court
Saint Louis MO, 63180"
732,"Mioni, Sandor
31 Summerview Park
Washington DC, 20404"
733,"Diggell, Currie
23 Pond Drive
Fort Worth TX, 76105"
734,"Absalom, Gabbie
92 Stone Corner Alley
Norfolk VA, 23504"
735,"Simnor, Conn
14 Bartelt Park
San Antonio TX, 78240"
736,"Eggle, Barbey
330 Russell Street
Saint Joseph MO, 64504"
737,"Grzegorek, Jessamine
07 Merrick Road
Cincinnati OH, 45254"
738,"Furmedge, Lesley
12 Golf View Place
Waco TX, 76711"
739,"Matuszyk, Henrietta
22562 Montana Place
Spring Hill FL, 34611"
740,"Sowood, Amargo
84022 Harper Alley
Torrance CA, 90510"
741,"Mortell, Malorie
84 Colorado Crossing
Detroit MI, 48206"
742,"Shoesmith, Faunie
579 Grayhawk Crossing
Baltimore MD, 21282"
743,"Fellowes, Ted
1 Northport Street
Gainesville GA, 30506"
744,"Glyssanne, Tania
5 Texas Hill
Saint Louis MO, 63131"
745,"Pendell, Lilias
6171 Hollow Ridge Street
Colorado Springs CO, 80995"
746,"Goomes, Samuel
4 Boyd Alley
Sacramento CA, 94291"
747,"Berney, Shane
014 Eagan Hill
Lexington KY, 40581"
748,"Masedon, Annabelle
3 Scofield Terrace
Jacksonville FL, 32277"
749,"Jouanny, Christi
31571 Magdeline Center
Seattle WA, 98127"
750,"Turnor, Sheeree
443 Hintze Crossing
Portland OR, 97232"
751,"Downes, Wilhelm
229 Fair Oaks Point
Hagerstown MD, 21747"
752,"Pawlaczyk, Mariska
74696 Buell Court
Raleigh NC, 27615"
753,"Huws, Yurik
272 Green Place
Charlotte NC, 28230"
754,"Strutt, Royall
88076 Susan Plaza
Springfield MO, 65810"
755,"Spearing, Karalee
38954 Reindahl Center
West Palm Beach FL, 33411"
756,"Hain, Nerita
6361 Schiller Point
Lynn MA, 1905"
757,"Janauschek, Colin
09319 Sheridan Terrace
El Paso TX, 88541"
758,"Yezafovich, Norrie
1551 Merrick Pass
Saint Petersburg FL, 33737"
759,"Kanzler, Udall
5578 Utah Place
Fort Lauderdale FL, 33305"
760,"Levecque, Sara
43239 Hauk Alley
Washington DC, 20540"
761,"Aucoate, Ilyssa
25 Eagle Crest Point
Detroit MI, 48217"
762,"Hurt, Cirillo
9538 Browning Parkway
Falls Church VA, 22047"
763,"Gomez, Seymour
0 Vera Drive
Albuquerque NM, 87121"
764,"Aldred, Parrnell
926 Ramsey Lane
Mobile AL, 36670"
765,"Leckenby, Brodie
5778 American Lane
Lancaster CA, 93584"
766,"Memmory, Willdon
034 Bultman Center
Shawnee Mission KS, 66220"
767,"Podd, Uriah
196 Sugar Crossing
Cincinnati OH, 45203"
768,"Bardnam, Chelsey
642 Buena Vista Parkway
Austin TX, 78783"
769,"Robardley, Cynthea
7 Hooker Center
Houston TX, 77070"
770,"Baskeyfied, Gerhardine
8 Bellgrove Street
Washington DC, 20231"
771,"Jeakins, Arline
4 Dottie Trail
Redwood City CA, 94064"
772,"Dugall, Tucky
03920 International Avenue
Fort Lauderdale FL, 33355"
773,"Kilcoyne, Kaine
8 Susan Street
Houston TX, 77090"
774,"Lescop, Wyndham
21 Hanover Court
Washington DC, 20067"
775,"Sivell, Kev
2 Cascade Place
Dayton OH, 45440"
776,"Sudddard, Craig
236 Spaight Way
Anchorage AK, 99517"
777,"Orta, Laurens
7219 Mifflin Pass
Springfield MA, 1114"
778,"Sawfoot, Leslie
41362 Rusk Street
Phoenix AZ, 85067"
779,"Benedek, Zeb
956 Golf Course Street
Salt Lake City UT, 84120"
780,"Oertzen, Albina
8 Golden Leaf Lane
Fargo ND, 58122"
781,"Eburah, Mendy
09383 Prentice Park
Houston TX, 77030"
782,"Ruddock, Bran
35 Heffernan Terrace
Erie PA, 16510"
783,"Cowx, Hillary
2243 Hagan Drive
Corpus Christi TX, 78465"
784,"Hovy, Elliot
0 Shopko Avenue
Cincinnati OH, 45296"
785,"Elcom, Jayme
8521 Hoffman Hill
Kansas City MO, 64193"
786,"Loosely, Banky
70 Warrior Plaza
Prescott AZ, 86305"
787,"Gontier, Erwin
1 Hintze Circle
Huntsville AL, 35895"
788,"Rawlyns, Bendite
990 Maple Wood Avenue
Saint Paul MN, 55166"
789,"Mepham, Innis
30 Rigney Hill
New York City NY, 10275"
790,"Forker, Salomo
83683 Morning Avenue
Loretto MN, 55598"
791,"Agostini, Andrey
0381 Ridgeview Crossing
Gulfport MS, 39505"
792,"Coyte, Griffith
1 Del Sol Crossing
San Jose CA, 95160"
793,"Clail, Betteanne
1 Logan Place
Winston Salem NC, 27105"
794,"Gittose, Leia
49 Pleasure Junction
Boulder CO, 80310"
795,"Drinkall, Findlay
069 Michigan Street
Tampa FL, 33680"
796,"Earney, Chicky
89 Bashford Hill
Hattiesburg MS, 39404"
797,"Soreau, Bald
24 Dorton Court
Greensboro NC, 27455"
798,"Cubbin, Alfie
03 Grayhawk Center
Indianapolis IN, 46266"
799,"Fisbey, Quinlan
2 Portage Junction
Salem OR, 97312"
800,"Hunt, Oswald
95956 Becker Center
Louisville KY, 40256"
801,"Whibley, Wallie
3 Buhler Hill
Fort Myers FL, 33913"
802,"Eskrigg, Jesse
7 Ludington Drive
Schenectady NY, 12325"
803,"Manley, Pancho
92191 Havey Park
Tampa FL, 33633"
804,"Appleford, Jeanine
15727 Comanche Crossing
Albuquerque NM, 87121"
805,"Seelbach, Robbie
516 Vidon Avenue
Portland OR, 97211"
806,"Corsar, Barry
56 Mariners Cove Center
Madison WI, 53790"
807,"Darwen, Clementius
920 Coleman Street
Athens GA, 30610"
808,"Dartnell, Constance
357 Glacier Hill Trail
Orlando FL, 32808"
809,"Lowrie, Edgard
0 Melby Terrace
Las Vegas NV, 89130"
810,"Corpes, Jonell
9 Colorado Trail
Charleston WV, 25331"
811,"Schultz, Clarance
76 Loomis Street
Charleston WV, 25336"
812,"McCalum, Manolo
306 Debs Way
Panama City FL, 32412"
813,"Machent, Ruttger
5583 Crescent Oaks Junction
Atlanta GA, 31165"
814,"Klimkowski, Jed
23 Bay Plaza
San Francisco CA, 94121"
815,"Byres, Idaline
0102 Anthes Avenue
Myrtle Beach SC, 29579"
816,"Kosel, Issy
6 Jenifer Circle
Melbourne FL, 32919"
817,"Parres, Pippo
602 Union Point
Carson City NV, 89706"
818,"Worvell, Bibi
82 Ronald Regan Plaza
Washington DC, 20067"
819,"Lacasa, Tootsie
14 Forest Park
Torrance CA, 90505"
820,"Aldred, Aryn
2038 Bayside Park
Crawfordsville IN, 47937"
821,"Huckle, Franni
81679 Maple Hill
Albuquerque NM, 87115"
822,"Manjot, Cindie
70 Summerview Avenue
Kansas City MO, 64142"
823,"Madill, Pansie
8 Hazelcrest Parkway
Newton MA, 2458"
824,"Klemke, Mycah
12068 Cardinal Point
Irvine CA, 92619"
825,"Twopenny, Florry
4 Meadow Vale Crossing
Norwalk CT, 6854"
826,"Guitel, Daune
689 Sullivan Hill
Fort Lauderdale FL, 33315"
827,"Sproule, Webb
32 Nelson Avenue
Newport Beach CA, 92662"
828,"Copley, Baryram
4 Florence Terrace
Los Angeles CA, 90087"
829,"Leal, Bobby
130 Eggendart Avenue
New Haven CT, 6510"
830,"Bensen, Alvinia
2590 Kensington Parkway
Fort Lauderdale FL, 33336"
831,"Beacom, Pip
972 Schmedeman Alley
Springfield IL, 62723"
832,"Spreckley, Kaylil
44735 Bultman Street
Humble TX, 77346"
833,"Reap, Randene
3327 Moose Point
Austin TX, 78759"
834,"De Meis, Travers
11433 Burning Wood Trail
Valdosta GA, 31605"
835,"Gifkins, Alessandro
61860 Waxwing Road
Memphis TN, 38143"
836,"Paeckmeyer, Mahmoud
61 Maywood Center
Bakersfield CA, 93381"
837,"Maxfield, Cristabel
6888 Tony Park
Shreveport LA, 71137"
838,"McIntosh, Barbaraanne
84 Claremont Avenue
Boise ID, 83705"
839,"Costa, Broderick
876 Mesta Alley
Buffalo NY, 14205"
840,"Kenworth, Ab
46464 Canary Road
Metairie LA, 70005"
841,"Hubbucke, Hube
80 Montana Center
Burbank CA, 91520"
842,"Fontanet, Eddi
57 Pankratz Crossing
Charlotte NC, 28272"
843,"Timlin, Merrick
3416 Sloan Alley
Riverside CA, 92505"
844,"Maevela, Keefe
8653 Glendale Street
Los Angeles CA, 90050"
845,"Hilling, Maurine
9 Merchant Pass
Peoria AZ, 85383"
846,"Sigart, Vivyan
78006 Elgar Parkway
Washington DC, 20540"
847,"Oldford, Britt
1 1st Place
Norfolk VA, 23551"
848,"Blakiston, Raimund
25 Swallow Street
Los Angeles CA, 90076"
849,"Beardsley, Clemmy
781 Northwestern Trail
Austin TX, 78744"
850,"Syde, Peggie
4441 Bashford Pass
Elizabeth NJ, 7208"
851,"Raistrick, Matthaeus
73167 Sutherland Point
Springfield IL, 62718"
852,"Gaitley, Nonna
5 Westport Junction
Pittsburgh PA, 15225"
853,"Harhoff, Calvin
8 Donald Trail
Modesto CA, 95354"
854,"Feare, Chiquia
2 Clove Way
Jeffersonville IN, 47134"
855,"Roake, Ax
1654 Mariners Cove Lane
Charleston WV, 25321"
856,"Holmyard, Bradley
9820 Hooker Court
Waco TX, 76705"
857,"Basillon, Jacki
4 Merchant Terrace
Plano TX, 75074"
858,"Yurenin, Rubi
208 Michigan Avenue
Metairie LA, 70005"
859,"Pimer, Berkly
7665 Schlimgen Crossing
Washington DC, 20062"
860,"Funnell, Ethan
5 Orin Parkway
Fort Myers FL, 33906"
861,"Petrillo, Yehudit
8937 Paget Point
San Francisco CA, 94147"
862,"Vevers, Barbette
69364 Superior Place
Murfreesboro TN, 37131"
863,"Niblett, Sibel
63 Del Mar Lane
San Francisco CA, 94177"
864,"Bysshe, Osbert
11 Bultman Place
Lexington KY, 40546"
865,"Bass, Justinn
1307 Arizona Alley
Baltimore MD, 21282"
866,"Connop, Goraud
19142 Paget Center
Los Angeles CA, 90094"
867,"Gavrielli, Maggee
85119 Rieder Terrace
South Bend IN, 46634"
868,"Cheesworth, Chadwick
1735 Marcy Crossing
Scottsdale AZ, 85271"
869,"Moorrud, Belvia
36651 Clarendon Plaza
Newport News VA, 23605"
870,"MacFadzean, Myrlene
32 Pearson Street
San Francisco CA, 94164"
871,"Degoy, Stephi
258 Dayton Alley
Phoenix AZ, 85045"
872,"Durrett, Ralf
668 Straubel Road
Dallas TX, 75246"
873,"Dyer, Cristen
5 Fair Oaks Hill
Saint Louis MO, 63116"
874,"Oxenham, Evelina
142 Tennyson Alley
Minneapolis MN, 55470"
875,"Jakeman, Richart
86415 Autumn Leaf Terrace
Panama City FL, 32405"
876,"Coulbeck, Gabbi
2706 Anniversary Way
Norman OK, 73071"
877,"Boullin, Christian
228 Dunning Parkway
Washington DC, 20337"
878,"Cornejo, Carolina
27 Vahlen Pass
Bakersfield CA, 93311"
879,"Tomaszynski, Rik
097 Dapin Avenue
Greenville SC, 29610"
880,"Bolesma, Tab
72026 Del Mar Center
San Diego CA, 92127"
881,"Osmon, Lanie
5 Lillian Street
Louisville KY, 40256"
882,"Marples, Arlyn
2749 Cambridge Circle
Bronx NY, 10474"
883,"Clemo, Petunia
75385 Mayfield Circle
Suffolk VA, 23436"
884,"Raiker, Birdie
052 Walton Street
El Paso TX, 88519"
885,"Maccree, Marlena
83 Express Street
Houston TX, 77288"
886,"Oxby, Dominica
768 Mockingbird Point
Syracuse NY, 13217"
887,"Corragan, Celina
0973 Farragut Hill
Fort Wayne IN, 46896"
888,"Pagel, Pepe
200 Harper Lane
Peoria IL, 61640"
889,"McCay, Sydel
55 Thierer Junction
Washington DC, 20520"
890,"Spight, Jason
8864 Eastwood Center
Akron OH, 44310"
891,"Marishenko, Seward
6 Annamark Parkway
Denver CO, 80270"
892,"Lewerenz, Marcellina
9 Magdeline Lane
Kansas City MO, 64142"
893,"Ashurst, Estevan
2379 3rd Center
Ogden UT, 84409"
894,"Furney, Calvin
746 Pearson Place
Salem OR, 97306"
895,"Garrelts, Katalin
81618 Warner Way
Atlanta GA, 30336"
896,"Solan, Claudius
07421 Reindahl Drive
Oceanside CA, 92056"
897,"Keyes, Fiann
223 Stoughton Alley
Fairbanks AK, 99709"
898,"Christoforou, Maggi
9483 Mccormick Terrace
Denver CO, 80255"
899,"McDugal, Ethelred
5 Acker Trail
Memphis TN, 38119"
900,"Espinoy, Van
44879 Northfield Avenue
Gaithersburg MD, 20883"
901,"Mulbry, Ruttger
985 Jackson Trail
Albany NY, 12222"
902,"Deakins, Lori
94 Sage Hill
Memphis TN, 38136"
903,"O'Canavan, Chrissie
57432 Chinook Alley
San Antonio TX, 78291"
904,"Veighey, Adrea
16317 Manley Crossing
Washington DC, 20226"
905,"Askew, Elihu
805 Farragut Pass
Pittsburgh PA, 15235"
906,"Hearl, Kacy
3504 Brown Junction
Greensboro NC, 27404"
907,"Goldsack, Charyl
578 Utah Crossing
Detroit MI, 48232"
908,"Hyndley, Corby
743 Amoth Lane
Midland TX, 79710"
909,"Cliburn, Linoel
2459 Vernon Street
Houston TX, 77201"
910,"Tweedy, Druci
43 Melvin Terrace
Louisville KY, 40205"
911,"Curmi, Michel
779 Toban Terrace
New Orleans LA, 70129"
912,"Capelow, Roy
66079 Canary Terrace
San Francisco CA, 94137"
913,"Woodrup, Philip
820 Grover Crossing
Atlanta GA, 31196"
914,"Otson, Jasen
74 Leroy Lane
Austin TX, 78778"
915,"Maykin, Lamond
9 Springs Lane
Bethesda MD, 20816"
916,"Georgeau, Herculie
84896 2nd Lane
Saint Paul MN, 55172"
917,"Whybrow, Reggi
07 Ronald Regan Road
Boston MA, 2283"
918,"Canner, Kamillah
441 Heffernan Crossing
Jacksonville FL, 32277"
919,"Friett, Jordan
8505 Buell Place
Brooklyn NY, 11231"
920,"Greenland, Ware
31032 Londonderry Hill
Ridgely MD, 21684"
921,"Fullilove, Ema
775 5th Park
South Bend IN, 46634"
922,"Whittle, Wit
57169 Nelson Park
Austin TX, 78783"
923,"Tomaini, Karim
5457 Menomonie Trail
Chicago IL, 60674"
924,"Woodlands, Alastair
2 Straubel Alley
Evansville IN, 47712"
925,"Skill, Malanie
0 Roxbury Drive
Washington DC, 20051"
926,"Wilmut, Eartha
6 Vidon Avenue
Washington DC, 20456"
927,"Dufaire, Timoteo
791 Northview Road
Corpus Christi TX, 78475"
928,"Hawyes, Gerri
06 Columbus Pass
Sacramento CA, 95813"
929,"Moorey, Luke
8256 Bayside Street
Raleigh NC, 27658"
930,"Vodden, Lavena
8 Waywood Hill
Syracuse NY, 13210"
931,"Torn, Davine
78639 Ridge Oak Way
Philadelphia PA, 19136"
932,"Beaven, Rosmunda
2255 Merry Terrace
Lansing MI, 48919"
933,"Byrch, Doyle
733 Arapahoe Parkway
New York City NY, 10099"
934,"Chasier, Madalena
27355 Marcy Street
Houston TX, 77266"
935,"Pirt, Slade
1 Dunning Hill
San Jose CA, 95150"
936,"Wemes, Rory
0047 Fairview Hill
Charleston WV, 25326"
937,"Flarity, Kristel
27139 Mariners Cove Road
Montgomery AL, 36177"
938,"Wills, Brodie
26 Miller Drive
Atlanta GA, 31106"
939,"Elsop, Alana
7 Lighthouse Bay Center
Atlanta GA, 30386"
940,"Severs, Anjanette
07 Sommers Hill
Charlotte NC, 28205"
941,"Paull, Yolane
58 Ruskin Road
Wilmington NC, 28405"
942,"Risby, Kleon
05 Annamark Court
Naples FL, 34108"
943,"Stuchbury, Flor
717 7th Junction
Columbus GA, 31904"
944,"Skilbeck, Chrisse
9208 Linden Way
Jacksonville FL, 32244"
945,"Bellward, Kerrin
9608 Sloan Avenue
Riverside CA, 92513"
946,"Jope, Jammie
13 Grim Pass
Dallas TX, 75310"
947,"Buglar, Jobi
2 Pankratz Parkway
Stamford CT, 6912"
948,"Howels, Tab
16422 Garrison Road
Washington DC, 20566"
949,"Catteroll, Derril
26 Vahlen Way
Huntington WV, 25705"
950,"Byrd, Aldus
954 Kenwood Drive
Tampa FL, 33673"
951,"Thaxter, Madison
38697 Heath Point
Naples FL, 33963"
952,"Lochran, Erwin
38827 Reinke Park
Fort Smith AR, 72905"
953,"Feyer, Jennette
5 Glacier Hill Court
Houston TX, 77234"
954,"Sterrick, Phillis
822 Bayside Circle
Carson City NV, 89714"
955,"Trowle, Gabbey
62830 Kipling Point
Savannah GA, 31405"
956,"Gartell, Tobye
23 Melrose Junction
Durham NC, 27717"
957,"Everil, Meredith
11 Jenifer Road
Green Bay WI, 54313"
958,"Rawe, Jillana
24013 Judy Road
Youngstown OH, 44511"
959,"De la Perrelle, Sterne
01 Loeprich Court
Cleveland OH, 44177"
960,"Madle, Hewitt
2 3rd Center
Cedar Rapids IA, 52410"
961,"Jepensen, Carita
2 Lien Terrace
Gaithersburg MD, 20883"
962,"Frome, Christina
7 Havey Point
Bethesda MD, 20892"
963,"Braysher, Kylila
4 Green Park
Levittown PA, 19058"
964,"Mallaby, Alice
36 Anderson Plaza
New Haven CT, 6510"
965,"Mundow, Remus
6 Towne Circle
Oklahoma City OK, 73104"
966,"McAuslan, Normy
133 Basil Terrace
South Bend IN, 46634"
967,"Scotchmur, Delbert
0462 Miller Crossing
Phoenix AZ, 85030"
968,"Selvey, Baldwin
12134 Warner Way
San Diego CA, 92127"
969,"Tunn, Brand
3 Union Trail
South Lake Tahoe CA, 96154"
970,"Hartell, Shandeigh
1 Kensington Court
Little Rock AR, 72222"
971,"Ragles, Mikaela
2372 Shasta Court
Omaha NE, 68197"
972,"Killford, Rance
7230 Columbus Court
Washington DC, 20566"
973,"Ladel, Karlen
49895 Graceland Street
Charlotte NC, 28205"
974,"Kimmel, Verna
9096 Sachtjen Hill
Jeffersonville IN, 47134"
975,"Parrott, Horatia
8 Warrior Park
Wilmington DE, 19810"
976,"Bulpitt, Burr
5916 Riverside Plaza
Charleston WV, 25305"
977,"Dobrowolny, Tremain
78967 Twin Pines Center
Valley Forge PA, 19495"
978,"Greasley, Gregoire
4 Corscot Terrace
Johnstown PA, 15906"
979,"Delacourt, Anstice
877 Londonderry Trail
Seattle WA, 98104"
980,"Teale, Zola
07 7th Center
Naples FL, 33961"
981,"Martinuzzi, Julina
3042 Utah Road
New York City NY, 10165"
982,"Balffye, Heinrick
1927 Coleman Plaza
Columbia SC, 29220"
983,"Retter, Bernadene
15733 Eliot Terrace
Miami FL, 33153"
984,"Deaville, Shea
6 Arizona Point
Louisville KY, 40205"
985,"Legon, Gabriello
250 Cordelia Avenue
Washington DC, 20409"
986,"Fluin, Ricardo
645 Arizona Point
South Bend IN, 46614"
987,"Nipper, Rex
40 Sachtjen Trail
Shreveport LA, 71137"
988,"Sarfas, Milicent
071 North Way
Hayward CA, 94544"
989,"Johanning, Merrily
07899 East Way
Miami FL, 33129"
990,"Bulbeck, Austen
6360 Lotheville Pass
Raleigh NC, 27605"
991,"Miguet, Renata
5 Rigney Place
Pittsburgh PA, 15215"
992,"Skevington, Rudy
66 Holmberg Hill
Harrisburg PA, 17121"
993,"Blackleech, Aldrich
97058 Lakeland Crossing
New Orleans LA, 70129"
994,"Krollman, Florry
35972 Loeprich Alley
Kingsport TN, 37665"
995,"Le feaver, Noland
9 Marcy Hill
Honolulu HI, 96845"
996,"Jowitt, Phedra
8 Vermont Plaza
Katy TX, 77493"
997,"New, Alain
613 Eastwood Junction
Chattanooga TN, 37410"
998,"Colombier, Gerri
7 Del Sol Lane
Philadelphia PA, 19160"
999,"Matthessen, Benny
380 Truax Court
Charlotte NC, 28289"
