last_name,first_name,address1,address2,city,state,zip_code
Gever,Hayyim,19 Barnett Pass,,Omaha,NE,68105
Masedon,Annabelle,3 Scofield Terrace,,Jacksonville,FL,32277
Sellstrom,Alfred,19 Talisman Road,,Virginia Beach,VA,23464
Luttgert,Zaccaria,9 Shasta Lane,,Miami,FL,33142
Sherborne,Sydelle,88915 Gina Point,,Springfield,IL,62776
Blakiston,Raimund,25 Swallow Street,,Los Angeles,CA,90076
Andreia,Blayne,5 Mcbride Road,,Rochester,NY,14683
Demange,Dyane,611 Ronald Regan Way,,Birmingham,AL,35231
Terzi,Arne,1679 Talmadge Drive,,San Luis Obispo,CA,93407
Shrimpling,Dewain,75 Sutherland Circle,,Wilmington,DE,19886
Parres,Pippo,602 Union Point,,Carson City,NV,89706
Callicott,Hulda,022 Huxley Crossing,,Waco,TX,76796
Chanson,Rolland,1 Bellgrove Hill,,Oklahoma City,OK,73109
Mallaby,Alice,36 Anderson Plaza,,New Haven,CT,6510
Tomlinson,Ashley,37 Fair Oaks Court,,Wilmington,DE,19805
Andreutti,Evelin,6 Harper Court,,Miami,FL,33261
Mcall,Henri,74 Everett Point,,Cleveland,OH,44130
Agdahl,Eileen,3980 Nancy Park,,Richmond,VA,23228
Lackinton,Raymund,2593 Tennessee Center,,Portland,OR,97206
Perfitt,Ruthanne,2 Debs Alley,,Santa Ana,CA,92725
Solan,Claudius,07421 Reindahl Drive,,Oceanside,CA,92056
Cawthorne,Derril,53 Tennessee Circle,,Albany,NY,12242
Marishenko,Seward,6 Annamark Parkway,,Denver,CO,80270
Grewes,Leandra,78 Dakota Drive,,Pasadena,CA,91186
Ciobotaru,Evelyn,388 Scofield Point,,Odessa,TX,79769
Vispo,Crosby,646 Beilfuss Road,,Washington,DC,20546
Dobkin,Marcy,9 Boyd Court,,Lehigh Acres,FL,33972
Antrum,Stephi,181 Pepper Wood Pass,,Jacksonville,FL,32277
Bassick,Aristotle,88250 Cardinal Trail,,Trenton,NJ,8619
Simak,Anetta,8379 Sachs Trail,,Texarkana,TX,75507
Gonnelly,Erny,9 Sherman Park,,Lubbock,TX,79410
Lacasa,Tootsie,14 Forest Park,,Torrance,CA,90505
Balharry,Ursulina,51613 Mcbride Way,,Detroit,MI,48275
Nasi,Freida,97866 Lindbergh Point,,Milwaukee,WI,53285
Screen,Cleopatra,17 Mandrake Hill,,Miami,FL,33245
Teasdale,Zorine,7 Nobel Plaza,,San Francisco,CA,94147
Gouldthorpe,Kippy,2764 Tony Center,,Sacramento,CA,94286
Longina,Elena,32549 Summerview Park,,Chula Vista,CA,91913
Boyda,Garrard,35238 Maywood Hill,,Akron,OH,44315
Wildbore,Christoper,48 Gale Crossing,,Madison,WI,53790
Appleford,Jeanine,15727 Comanche Crossing,,Albuquerque,NM,87121
Hepher,Corinna,0 Londonderry Junction,,Peoria,IL,61635
Wills,Brodie,26 Miller Drive,,Atlanta,GA,31106
Tregien,Kay,3136 Prentice Terrace,,Allentown,PA,18105
Tritton,Roseanna,363 Daystar Drive,,Cincinnati,OH,45238
Copley,Baryram,4 Florence Terrace,,Los Angeles,CA,90087
Musselwhite,Kerstin,7399 Lunder Court,,Philadelphia,PA,19093
Lacaze,Kayne,549 New Castle Junction,,Garden Grove,CA,92844
Fidge,Waldo,76 Homewood Terrace,,Brockton,MA,2405
Baskeyfied,Gerhardine,8 Bellgrove Street,,Washington,DC,20231
Howels,Tab,16422 Garrison Road,,Washington,DC,20566
Bubeer,Charyl,2338 Delladonna Hill,,Burbank,CA,91505
Atterley,Zachery,3 Fuller Terrace,,Los Angeles,CA,90010
Gilogly,Tory,13123 Burning Wood Street,,Colorado Springs,CO,80951
Askew,Elihu,805 Farragut Pass,,Pittsburgh,PA,15235
Bulpitt,Burr,5916 Riverside Plaza,,Charleston,WV,25305
Simnor,Conn,14 Bartelt Park,,San Antonio,TX,78240
Polly,Joann,44 Larry Alley,,San Francisco,CA,94142
Twiname,Karine,0829 Warner Lane,,Washington,DC,20337
Seger,Sherie,23 Merry Parkway,,Daytona Beach,FL,32128
Berresford,Feliza,1240 Claremont Plaza,,Erie,PA,16510
Eskriet,Giffie,925 Farragut Junction,,Seattle,WA,98166
Whitwood,Lorene,18 Holmberg Plaza,,Topeka,KS,66642
Briat,Gabie,621 Homewood Park,,Columbus,OH,43204
Greenhowe,Almeria,145 Roxbury Point,,San Jose,CA,95150
Corragan,Celina,0973 Farragut Hill,,Fort Wayne,IN,46896
Agdahl,Eileen,3980 Nancy Park,,Richmond,VA,23228
Brimming,Nicholas,5 Walton Pass,,Hattiesburg,MS,39404
Luparto,Drugi,83 Cherokee Hill,,Louisville,KY,40215
Keep,Tonya,6048 Del Sol Center,,Chicago,IL,60686
De Freyne,Arlinda,5209 Service Place,,Washington,DC,20260
Pietzke,Gran,1175 Fairfield Hill,,Kansas City,MO,64136
Hann,Joellen,7 Mosinee Pass,,Reading,PA,19610
Castles,Arch,8410 Scofield Park,,Pensacola,FL,32595
Kohlert,Ellwood,162 Kennedy Place,,Houston,TX,77005
Furney,Calvin,746 Pearson Place,,Salem,OR,97306
Skacel,Joseph,2 Myrtle Avenue,,Reno,NV,89510
O'Beirne,Jillie,40 Portage Circle,,Durham,NC,27717
Sans,Patten,99 Bayside Road,,Montpelier,VT,5609
Lescop,Wyndham,21 Hanover Court,,Washington,DC,20067
Presshaugh,Fina,9131 Emmet Avenue,,Cincinnati,OH,45228
Casse,Jami,79926 Hintze Pass,,Rochester,NY,14652
Mullinger,Mace,73063 School Circle,,Daytona Beach,FL,32128
Jertz,Tomas,8 Roth Road,,Boca Raton,FL,33499
Greenhouse,Marion,8357 Forest Dale Hill,,Las Vegas,NV,89120
McIntosh,Barbaraanne,84 Claremont Avenue,,Boise,ID,83705
Baggally,Caritta,35512 Pierstorff Plaza,,Zephyrhills,FL,33543
Simnor,Conn,14 Bartelt Park,,San Antonio,TX,78240
Gounod,Reinwald,984 Thackeray Plaza,,Miami,FL,33190
Boreland,Yevette,1162 Lillian Pass,,Dayton,OH,45419
Tomaszynski,Rik,097 Dapin Avenue,,Greenville,SC,29610
Clendinning,Oran,796 Scott Circle,,Madison,WI,53716
Alanbrooke,Hilarius,371 Bluestem Center,,Dayton,OH,45454
Jaray,Ertha,1144 Magdeline Point,,Brockton,MA,2305
Howels,Tab,16422 Garrison Road,,Washington,DC,20566
Merricks,Doyle,1160 Bashford Way,,Philadelphia,PA,19178
Wincom,Karlan,641 Springview Way,,Alhambra,CA,91841
Urquhart,Sunshine,58 Ridgeview Parkway,,Topeka,KS,66606
Stanning,Moshe,5194 Oak Trail,,Oklahoma City,OK,73197
Espasa,Reggi,33336 Fuller Terrace,,Dayton,OH,45414
